season,week,team,off_epa_per_play,success_rate,pass_rate,avg_air_yards,total_plays
2022,1,ARI,0.007,0.4062,0.6719,7.0263,64
2022,1,ATL,-0.0248,0.5143,0.4571,8.8125,70
2022,1,BAL,0.0551,0.3922,0.6275,12,51
2022,1,BUF,0.1753,0.5263,0.5789,7.3226,57
2022,1,CAR,0.0158,0.3469,0.6327,6.3333,49
2022,1,CHI,-0.0498,0.3019,0.3585,9.5294,53
2022,1,CIN,-0.2177,0.3684,0.6421,7.0189,95
2022,1,CLE,0.0155,0.4167,0.4583,7.7188,72
2022,1,DAL,-0.3428,0.381,0.7302,8.5,63
2022,1,DEN,0.084,0.4844,0.6875,6.5476,64
2022,1,DET,0.1246,0.4308,0.5846,8.2703,65
2022,1,GB,-0.1915,0.4576,0.7119,5.7632,59
2022,1,HOU,-0.1756,0.4478,0.597,7.1892,67
2022,1,IND,-0.009,0.4889,0.5778,6.26,90
2022,1,JAX,0.0551,0.4603,0.7143,8.619,63
2022,1,KC,0.4219,0.5758,0.5909,7.7949,66
2022,1,LA,-0.2729,0.3939,0.7273,5.8293,66
2022,1,LAC,0.0849,0.4603,0.5397,7,63
2022,1,LV,-0.1396,0.4211,0.7719,9.2162,57
2022,1,MIA,0.0394,0.4737,0.6316,8.3333,57
2022,1,MIN,0.1286,0.4262,0.541,5.125,61
2022,1,NE,-0.2466,0.4528,0.6038,9.3,53
2022,1,NO,0.1155,0.5088,0.6491,9.1875,57
2022,1,NYG,0.0189,0.45,0.45,5.7143,60
2022,1,NYJ,-0.2013,0.3797,0.7848,4.8475,79
2022,1,PHI,0.281,0.5352,0.4648,4.0625,71
2022,1,PIT,-0.1327,0.339,0.6441,8.1351,59
2022,1,SEA,0.0202,0.413,0.6522,5.1429,46
2022,1,SF,-0.1645,0.4179,0.4478,7.2857,67
2022,1,TB,0.0137,0.5,0.4833,11.2963,60
2022,1,TEN,0.0283,0.4237,0.5593,9.25,59
2022,1,WAS,0.0476,0.4058,0.6377,7.0732,69
2022,2,ARI,0.0315,0.5,0.6375,4.9592,80
2022,2,ATL,-0.1512,0.4386,0.5263,7.8846,57
2022,2,BAL,0.2674,0.4444,0.537,10.8276,54
2022,2,BUF,0.2262,0.4444,0.6508,7.6,63
2022,2,CAR,-0.0479,0.4444,0.5741,7.6552,54
2022,2,CHI,-0.0765,0.4146,0.3415,11,41
2022,2,CIN,0.0441,0.3881,0.6418,5.5833,67
2022,2,CLE,0.2939,0.5156,0.4375,5.4074,64
2022,2,DAL,-0.0029,0.3966,0.5345,5.9333,58
2022,2,DEN,-0.0203,0.3594,0.5312,8.9032,64
2022,2,DET,0.0594,0.3729,0.6271,8.4412,59
2022,2,GB,0.209,0.5538,0.4308,5.56,65
2022,2,HOU,-0.1818,0.3621,0.7069,8.5263,58
2022,2,IND,-0.4371,0.2708,0.7292,8.5333,48
2022,2,JAX,0.1109,0.4394,0.4545,6.5667,66
2022,2,KC,0.0841,0.4423,0.6923,7.1143,52
2022,2,LA,0.0114,0.5556,0.5873,6.9167,63
2022,2,LAC,0.0091,0.4932,0.6849,5.2292,73
2022,2,LV,-0.08,0.459,0.6557,5.9744,61
2022,2,MIA,0.4483,0.5362,0.7391,7.24,69
2022,2,MIN,-0.2136,0.4746,0.8136,5.8696,59
2022,2,NE,0.1417,0.4921,0.5556,9.3429,63
2022,2,NO,-0.4049,0.3939,0.697,13.35,66
2022,2,NYG,-0.138,0.3235,0.5441,5.9118,68
2022,2,NYJ,0.2747,0.4545,0.7121,9.4444,66
2022,2,PHI,0.2468,0.5147,0.5,9.2581,68
2022,2,PIT,-0.0626,0.4407,0.6271,7.8182,59
2022,2,SEA,-0.3528,0.4043,0.7021,5.6667,47
2022,2,SF,0.0282,0.3857,0.3571,7.5,70
2022,2,TB,-0.2627,0.2857,0.5556,9.2353,63
2022,2,TEN,-0.3802,0.3962,0.4906,8.4583,53
2022,2,WAS,0.0506,0.4054,0.7162,9.0217,74
2022,3,ARI,-0.0367,0.3951,0.7407,6.1379,81
2022,3,ATL,0.3196,0.5192,0.4423,16.45,52
2022,3,BAL,0.2222,0.5,0.5893,9.5172,56
2022,3,BUF,0.1085,0.5169,0.7416,6.0968,89
2022,3,CAR,-0.1283,0.322,0.4746,6.28,59
2022,3,CHI,-0.0285,0.4,0.3667,9,60
2022,3,CIN,0.0585,0.4531,0.5938,7.75,64
2022,3,CLE,0.1116,0.4789,0.4648,6.4839,71
2022,3,DAL,0.183,0.4915,0.5254,8.0968,59
2022,3,DEN,-0.2453,0.2941,0.5588,7.4545,68
2022,3,DET,0.0439,0.4267,0.5333,8.725,75
2022,3,GB,-0.1,0.4,0.6,5.0571,60
2022,3,HOU,-0.0949,0.4035,0.5789,7.4375,57
2022,3,IND,-0.1608,0.4265,0.6176,4.8108,68
2022,3,JAX,0.2173,0.5,0.5405,4.7692,74
2022,3,KC,0.0354,0.4098,0.623,8.1389,61
2022,3,LA,0.2236,0.5227,0.5909,8.8,44
2022,3,LAC,-0.2557,0.3793,0.7931,7.8222,58
2022,3,LV,0.1003,0.4242,0.7121,8.8667,66
2022,3,MIA,0.134,0.4359,0.5641,8.95,39
2022,3,MIN,-0.0168,0.5385,0.6308,8.35,65
2022,3,NE,0.0043,0.4531,0.5625,12.0625,64
2022,3,NO,-0.0615,0.4688,0.6562,11.9024,64
2022,3,NYG,-0.0683,0.4478,0.6269,7.1892,67
2022,3,NYJ,-0.3212,0.3684,0.7368,10.0769,76
2022,3,PHI,0.0295,0.3636,0.5758,11.2,66
2022,3,PIT,-0.0368,0.4909,0.6,12.25,55
2022,3,SEA,0.1924,0.5652,0.6667,9.3636,69
2022,3,SF,-0.3028,0.4038,0.6346,8.3448,52
2022,3,TB,-0.2039,0.4068,0.7797,5.619,59
2022,3,TEN,0.187,0.5094,0.5283,7.1111,53
2022,3,WAS,-0.3103,0.36,0.7067,7.8837,75
2022,4,ARI,-0.0613,0.4559,0.5,5.625,68
2022,4,ATL,0.0367,0.4615,0.3846,12.7368,52
2022,4,BAL,-0.041,0.4762,0.4921,4.5862,63
2022,4,BUF,0.0252,0.5,0.6167,7.4444,60
2022,4,CAR,-0.4703,0.3654,0.75,5.9444,52
2022,4,CHI,-0.0894,0.3167,0.4667,9.9091,60
2022,4,CIN,0.1139,0.4333,0.55,10.1562,60
2022,4,CLE,0.0524,0.4507,0.507,8.0286,71
2022,4,DAL,-0.1832,0.3333,0.4912,7.963,57
2022,4,DEN,-0.1911,0.3125,0.5833,11.36,48
2022,4,DET,0.2654,0.4412,0.6176,9.825,68
2022,4,GB,0.0119,0.4648,0.507,10.2,71
2022,4,HOU,-0.0678,0.3208,0.7358,7.3143,53
2022,4,IND,-0.0804,0.3651,0.6349,6.3784,63
2022,4,JAX,-0.3308,0.413,0.587,7.9565,46
2022,4,KC,0.2499,0.5455,0.5195,7.0811,77
2022,4,LA,-0.2196,0.4247,0.7534,5.2708,73
2022,4,LAC,0.2499,0.4286,0.6349,7.5385,63
2022,4,LV,0.0383,0.4583,0.5,8.1765,72
2022,4,MIA,-0.0381,0.4167,0.6333,10.2703,60
2022,4,MIN,-0.0155,0.4179,0.6269,7.4615,67
2022,4,NE,0.0225,0.5345,0.431,5.4762,58
2022,4,NO,0.1761,0.6034,0.5345,11.1071,58
2022,4,NYG,0.071,0.4098,0.2787,9.6875,61
2022,4,NYJ,0.0375,0.3881,0.5672,9,67
2022,4,PHI,-0.0346,0.4533,0.3733,6.24,75
2022,4,PIT,-0.0804,0.4333,0.4833,14.4615,60
2022,4,SEA,0.5991,0.5738,0.4918,10.6667,61
2022,4,SF,0.1959,0.3469,0.551,5.5926,49
2022,4,TB,0.1404,0.5593,0.8983,6.2692,59
2022,4,TEN,0.0424,0.4694,0.4898,4.2857,49
2022,4,WAS,-0.2655,0.2958,0.6197,7.0714,71
2022,5,ARI,0.1011,0.4776,0.6119,7.325,67
2022,5,ATL,0.0831,0.4194,0.5,9.08,62
2022,5,BAL,-0.0444,0.4667,0.55,9.2188,60
2022,5,BUF,0.4031,0.4902,0.7059,12.5556,51
2022,5,CAR,-0.1747,0.3636,0.7273,8.2619,66
2022,5,CHI,0.0107,0.375,0.5,8.2381,48
2022,5,CIN,-0.0655,0.4576,0.6441,3.4286,59
2022,5,CLE,0.1754,0.4923,0.5231,9.1765,65
2022,5,DAL,-0.119,0.3725,0.3725,7.3125,51
2022,5,DEN,-0.2108,0.4058,0.6232,9.3846,69
2022,5,DET,-0.4364,0.381,0.5873,8.2857,63
2022,5,GB,0.0651,0.5082,0.6721,7.4615,61
2022,5,HOU,-0.0629,0.4,0.4545,5.5,55
2022,5,IND,-0.2038,0.375,0.6389,6.5,72
2022,5,JAX,-0.1105,0.4167,0.6389,9.9348,72
2022,5,KC,0.2041,0.5072,0.6812,6.3721,69
2022,5,LA,-0.2723,0.3438,0.7656,8.0227,64
2022,5,LAC,0.2925,0.4627,0.5224,5.2059,67
2022,5,LV,0.1674,0.4211,0.5614,10.2667,57
2022,5,MIA,-0.2167,0.5,0.5806,6.5588,62
2022,5,MIN,0.2339,0.5833,0.5972,4.3902,72
2022,5,NE,0.0785,0.4259,0.3889,8.7143,54
2022,5,NO,0.0931,0.4571,0.3714,8,70
2022,5,NYG,0.2834,0.5179,0.5,5.1481,56
2022,5,NYJ,0.1364,0.4717,0.434,9.381,53
2022,5,PHI,0.1426,0.6,0.5429,3.8056,70
2022,5,PIT,-0.122,0.4167,0.7639,6.9808,72
2022,5,SEA,-0.0025,0.36,0.58,12,50
2022,5,SF,0.2678,0.4915,0.5424,7.6667,59
2022,5,TB,0.1467,0.5342,0.726,6.9615,73
2022,5,TEN,-0.017,0.4032,0.4839,9.12,62
2022,5,WAS,-0.0459,0.4035,0.7193,9.2368,57
2022,6,ARI,-0.2033,0.3239,0.6056,9,71
2022,6,ATL,0.1223,0.5,0.2857,5.5,56
2022,6,BAL,0.1231,0.4828,0.5862,9.6875,58
2022,6,BUF,0.12,0.4857,0.5857,7.375,70
2022,6,CAR,-0.3517,0.3256,0.5349,0.9048,43
2022,6,CHI,-0.1117,0.4203,0.4638,10.1852,69
2022,6,CIN,0.283,0.5926,0.7593,6.1622,54
2022,6,CLE,-0.2824,0.3088,0.7353,11.7111,68
2022,6,DAL,-0.0644,0.4375,0.5938,8.2895,64
2022,6,DEN,-0.1532,0.3455,0.5818,9.5357,55
2022,6,GB,-0.342,0.4348,0.7101,8.2222,69
2022,6,IND,0.2066,0.4737,0.7763,5.1552,76
2022,6,JAX,0.1979,0.5593,0.4576,3.9545,59
2022,6,KC,0.0472,0.377,0.7049,5.275,61
2022,6,LA,0.0081,0.4426,0.5574,4.4242,61
2022,6,LAC,-0.1605,0.3614,0.7108,5.9123,83
2022,6,MIA,-0.1285,0.4189,0.7297,8.7234,74
2022,6,MIN,-0.1088,0.3673,0.6939,5.5667,49
2022,6,NE,0.1663,0.3871,0.5806,5.0588,62
2022,6,NO,0.1086,0.4648,0.5211,8.1111,71
2022,6,NYG,0.1271,0.4746,0.5254,6.6296,59
2022,6,NYJ,0.0296,0.4,0.4,6.1667,50
2022,6,PHI,0.0157,0.4478,0.4328,5.32,67
2022,6,PIT,0.03,0.4237,0.5424,6.2333,59
2022,6,SEA,-0.1906,0.4091,0.5455,6.871,66
2022,6,SF,-0.1207,0.5263,0.7193,7.5366,57
2022,6,TB,0.0715,0.5,0.6176,7.7436,68
2022,6,WAS,-0.1084,0.3889,0.4815,6.2273,54
2022,7,ARI,0.1433,0.459,0.5246,7.4483,61
2022,7,ATL,0.0148,0.3778,0.3556,8.3846,45
2022,7,BAL,-0.0722,0.4355,0.3065,5.3125,62
2022,7,CAR,0.1357,0.38,0.46,8.5,50
2022,7,CHI,0.1376,0.5362,0.3623,9.7619,69
2022,7,CIN,0.4213,0.5692,0.6923,8.6429,65
2022,7,CLE,0.0763,0.4821,0.5714,6.5926,56
2022,7,DAL,0.0271,0.5263,0.4737,10.8,57
2022,7,DEN,-0.164,0.3333,0.6267,10.5652,75
2022,7,DET,-0.2881,0.4821,0.5536,6,56
2022,7,GB,-0.0967,0.3913,0.7391,5.5588,46
2022,7,HOU,0.0575,0.4615,0.6462,5.4146,65
2022,7,IND,-0.216,0.4844,0.7344,4.0227,64
2022,7,JAX,0.1396,0.4545,0.6667,10.7727,66
2022,7,KC,0.6039,0.5818,0.6727,7.25,55
2022,7,LAC,-0.2437,0.3623,0.7826,6.2941,69
2022,7,LV,0.3242,0.5849,0.5283,7.2963,53
2022,7,MIA,-0.0325,0.4262,0.5738,9.8571,61
2022,7,NE,-0.2478,0.4043,0.617,8.7143,47
2022,7,NO,0.0313,0.5429,0.7,7.9184,70
2022,7,NYG,0.1696,0.5286,0.4429,6.9333,70
2022,7,NYJ,-0.1398,0.3269,0.5577,4.7308,52
2022,7,PIT,-0.0968,0.4118,0.6618,7,68
2022,7,SEA,0.128,0.4426,0.4754,7.6296,61
2022,7,SF,0.0544,0.4789,0.7183,7.413,71
2022,7,TB,-0.1548,0.3788,0.7576,7.3265,66
2022,7,TEN,-0.1178,0.3818,0.4,7.2,55
2022,7,WAS,-0.0582,0.3472,0.4722,5.8788,72
2022,8,ARI,-0.0712,0.4429,0.6857,6.6977,70
2022,8,ATL,0.035,0.4545,0.4545,10.8929,66
2022,8,BAL,0.1427,0.5211,0.5634,5.9189,71
2022,8,BUF,0.1241,0.5094,0.5094,12.84,53
2022,8,CAR,0.0921,0.4459,0.5,11.75,74
2022,8,CHI,0.008,0.411,0.411,8.5,73
2022,8,CIN,-0.1749,0.44,0.8,5.7143,50
2022,8,CLE,0.2103,0.5672,0.3582,10.2273,67
2022,8,DAL,0.4467,0.5636,0.5091,6.9259,55
2022,8,DEN,0.0199,0.45,0.5333,11.7241,60
2022,8,DET,0.1916,0.5439,0.6667,7.2162,57
2022,8,GB,0.0612,0.4762,0.5079,7.8667,63
2022,8,HOU,-0.346,0.24,0.66,7.8667,50
2022,8,IND,-0.1461,0.3962,0.4717,8.3478,53
2022,8,JAX,-0.0979,0.4615,0.5077,5.5806,65
2022,8,LA,-0.0826,0.3818,0.6364,4.1818,55
2022,8,LV,-0.3779,0.3273,0.7818,8.359,55
2022,8,MIA,0.3468,0.5082,0.623,11.2222,61
2022,8,MIN,0.0103,0.5,0.5735,6.4722,68
2022,8,NE,-0.1205,0.375,0.5694,4.5714,72
2022,8,NO,0.1465,0.5238,0.4921,5.5161,63
2022,8,NYG,-0.1018,0.3125,0.5625,7.871,64
2022,8,NYJ,-0.1169,0.3448,0.7414,9.7317,58
2022,8,PHI,0.4024,0.5,0.6346,10.5667,52
2022,8,PIT,-0.0554,0.4143,0.6571,5.85,70
2022,8,SEA,-0.0944,0.3607,0.6066,8.0294,61
2022,8,SF,0.3414,0.5385,0.5577,7.4231,52
2022,8,TB,0.068,0.4516,0.7419,6.6977,62
2022,8,TEN,0.0443,0.4737,0.2281,7.3,57
2022,8,WAS,-0.066,0.4426,0.541,5.8065,61
2022,9,ARI,-0.1529,0.3279,0.6557,6.0857,61
2022,9,ATL,1e-4,0.5333,0.4167,14.913,60
2022,9,BAL,0.158,0.5077,0.3846,10.0909,65
2022,9,BUF,-0.0239,0.4754,0.6393,12.0588,61
2022,9,CAR,-0.0271,0.3958,0.625,6.1667,48
2022,9,CHI,0.181,0.4429,0.4429,8.0714,70
2022,9,CIN,0.3862,0.6429,0.4714,5.8065,70
2022,9,DET,-0.125,0.4561,0.4561,4.0769,57
2022,9,GB,-0.1209,0.4058,0.6522,9.9767,69
2022,9,HOU,-0.116,0.4386,0.4386,7.2727,57
2022,9,IND,-0.6318,0.2333,0.6333,6.5862,60
2022,9,JAX,0.1873,0.5606,0.4545,5.9,66
2022,9,KC,0.0668,0.4239,0.7826,6.8529,92
2022,9,LA,-0.1886,0.2037,0.5741,8.963,54
2022,9,LAC,0.0309,0.4478,0.6418,5.6047,67
2022,9,LV,0.0595,0.3684,0.6667,9.8611,57
2022,9,MIA,0.3025,0.48,0.6,8.7333,50
2022,9,MIN,-0.0925,0.3385,0.6615,9.3659,65
2022,9,NE,-0.3221,0.2951,0.5574,5.4667,61
2022,9,NO,-0.1593,0.4286,0.6939,7.0333,49
2022,9,NYJ,0.0655,0.5667,0.45,6.4,60
2022,9,PHI,0.1955,0.5902,0.5082,7.6667,61
2022,9,SEA,0.0888,0.4706,0.5294,3.0294,68
2022,9,TB,-0.1601,0.3846,0.7436,4.7544,78
2022,9,TEN,-0.0779,0.2766,0.4043,12.75,47
2022,9,WAS,-0.1632,0.3833,0.5167,8.2143,60
2022,10,ARI,0.0479,0.4219,0.6094,5.6216,64
2022,10,ATL,-0.1115,0.4068,0.5763,12.069,59
2022,10,BUF,-0.0573,0.5417,0.625,8.3488,72
2022,10,CAR,0.0821,0.4375,0.2656,5.5625,64
2022,10,CHI,0.0744,0.5,0.3966,9.9,58
2022,10,CLE,-0.0911,0.459,0.623,9.1714,61
2022,10,DAL,0.0075,0.4557,0.6076,7.3261,79
2022,10,DEN,-0.1251,0.3333,0.6667,10.3571,72
2022,10,DET,0.183,0.5,0.4828,6.7308,58
2022,10,GB,0.2321,0.4667,0.3667,11.3,60
2022,10,HOU,0.0095,0.45,0.6833,6.973,60
2022,10,IND,0.1526,0.5085,0.5254,6.1429,59
2022,10,JAX,0.088,0.4426,0.7377,7.2,61
2022,10,KC,0.274,0.541,0.5738,7.3714,61
2022,10,LA,-0.1961,0.4407,0.678,6.5946,59
2022,10,LAC,-0.1511,0.2857,0.7143,5.5676,56
2022,10,LV,-0.0664,0.3846,0.6308,8.2105,65
2022,10,MIA,0.398,0.6094,0.5312,7.3636,64
2022,10,MIN,0.0694,0.4487,0.6923,8.6,78
2022,10,NO,-0.2906,0.2667,0.6667,9.6429,45
2022,10,NYG,0.1442,0.4242,0.303,5.6471,66
2022,10,PHI,-0.1242,0.5106,0.5745,8,47
2022,10,PIT,0.0167,0.4359,0.4615,7.3667,78
2022,10,SEA,0.0103,0.5294,0.7255,7.697,51
2022,10,SF,0.0598,0.5362,0.4203,6.5,69
2022,10,TB,0.166,0.4853,0.4412,8.8,68
2022,10,TEN,-0.0846,0.4,0.6167,6.8611,60
2022,10,WAS,0.0764,0.5325,0.3896,10.3704,77
2022,11,ARI,-0.1653,0.3944,0.662,5.7727,71
2022,11,ATL,-0.0129,0.4792,0.375,5.7778,48
2022,11,BAL,-0.1181,0.4769,0.5538,4.4848,65
2022,11,BUF,0.1152,0.5,0.4677,7.7778,62
2022,11,CAR,-0.4123,0.2963,0.6852,5.1212,54
2022,11,CHI,0.0263,0.4394,0.3788,8.8571,66
2022,11,CIN,0.1558,0.4762,0.6508,7.7692,63
2022,11,CLE,0.0819,0.4925,0.6269,8.6585,67
2022,11,DAL,0.289,0.4857,0.4286,4.5667,70
2022,11,DEN,-0.008,0.4516,0.5484,6.6129,62
2022,11,DET,0.1125,0.45,0.4333,5.9231,60
2022,11,GB,-0.0259,0.35,0.6833,8.9744,60
2022,11,HOU,-0.4012,0.283,0.717,8.1212,53
2022,11,IND,-0.1459,0.3548,0.5806,6.0625,62
2022,11,KC,0.2522,0.5082,0.5738,10,61
2022,11,LA,-0.0014,0.3934,0.5082,10.2963,61
2022,11,LAC,0.0853,0.5385,0.5385,8.1,65
2022,11,LV,0.1041,0.4194,0.6129,9.5135,62
2022,11,MIN,-0.3696,0.2593,0.6852,7.2667,54
2022,11,NE,-0.1309,0.4068,0.5593,4.7037,59
2022,11,NO,0.0893,0.5,0.5926,8.3571,54
2022,11,NYG,-0.022,0.4521,0.6438,8.5682,73
2022,11,NYJ,-0.42,0.2041,0.5306,8.9091,49
2022,11,PHI,-0.1342,0.4915,0.4746,8.12,59
2022,11,PIT,-0.0386,0.3824,0.6471,10.0476,68
2022,11,SF,0.3718,0.5636,0.5273,6.069,55
2022,11,TEN,0.2408,0.4918,0.5246,8.8276,61
2022,11,WAS,-0.0638,0.4179,0.403,8.8889,67
2022,12,ARI,0.0581,0.4219,0.4688,10.4828,64
2022,12,ATL,0.0181,0.4727,0.4727,5.84,55
2022,12,BAL,0.1119,0.4853,0.5,11.75,68
2022,12,BUF,0.0999,0.4865,0.6081,10.2619,74
2022,12,CAR,0.083,0.4219,0.2969,10.2105,64
2022,12,CHI,-0.0632,0.3818,0.4909,6.88,55
2022,12,CIN,0.1366,0.4516,0.6129,6.6216,62
2022,12,CLE,0.025,0.3733,0.5467,11.3514,75
2022,12,DAL,0.1424,0.4559,0.4412,11.7333,68
2022,12,DEN,-0.2673,0.3333,0.6667,10.6,57
2022,12,DET,0.035,0.4559,0.5735,6.8378,68
2022,12,GB,0.1893,0.5,0.5833,7.44,48
2022,12,HOU,-0.388,0.2833,0.75,5.3846,60
2022,12,IND,-0.1619,0.4194,0.5968,6.2941,62
2022,12,JAX,0.0483,0.4032,0.6774,6.6757,62
2022,12,KC,0.128,0.5139,0.5833,6.2143,72
2022,12,LA,-0.2274,0.3148,0.5,5.9583,54
2022,12,LAC,0.0691,0.4688,0.8125,3.7447,64
2022,12,LV,0.2079,0.5065,0.4805,8.5833,77
2022,12,MIA,-0.1063,0.3676,0.6618,11.625,68
2022,12,MIN,0.064,0.4615,0.6,5.6842,65
2022,12,NE,0.0711,0.4259,0.7593,8.1579,54
2022,12,NO,-0.2686,0.3585,0.5849,8.2,53
2022,12,NYG,-0.0691,0.4107,0.625,7.25,56
2022,12,NYJ,0.2455,0.5,0.5,5.3448,60
2022,12,PHI,0.2002,0.5128,0.3846,7.0357,78
2022,12,PIT,0.1179,0.5373,0.4776,5.8214,67
2022,12,SEA,0.0338,0.5323,0.6452,7.8108,62
2022,12,SF,-0.0206,0.4,0.5846,5.6216,65
2022,12,TB,-0.0333,0.3788,0.697,9.093,66
2022,12,TEN,0.06,0.4107,0.625,8.3824,56
2022,12,WAS,0.1235,0.5254,0.3898,6.3478,59
2022,13,ATL,-0.0088,0.5094,0.4717,15.5833,53
2022,13,BAL,-0.1409,0.3824,0.5882,6.4167,68
2022,13,BUF,0.1698,0.4559,0.5147,8.0909,68
2022,13,CHI,0.1237,0.449,0.5102,10.4,49
2022,13,CIN,0.2609,0.5625,0.5,7.4516,64
2022,13,CLE,-0.2321,0.3793,0.3966,6.1818,58
2022,13,DAL,0.2136,0.4545,0.4848,6.9,66
2022,13,DEN,-0.1351,0.3462,0.4615,10.1364,52
2022,13,DET,0.2865,0.5417,0.5972,6,72
2022,13,GB,0.1838,0.4839,0.5161,10.4516,62
2022,13,HOU,-0.4436,0.4032,0.6452,8.9744,62
2022,13,IND,-0.2983,0.3768,0.5942,5.8919,69
2022,13,JAX,-0.0887,0.4107,0.6607,8.1471,56
2022,13,KC,0.239,0.537,0.537,9.4444,54
2022,13,LA,-0.0454,0.4444,0.4762,9.8846,63
2022,13,LAC,-0.1051,0.3836,0.7123,7.9787,73
2022,13,LV,-0.0889,0.4068,0.5085,11.5,59
2022,13,MIA,-0.3282,0.4222,0.8222,11.5588,45
2022,13,MIN,0.0127,0.4062,0.5781,9.4,64
2022,13,NE,-0.0259,0.3922,0.7255,6.2778,51
2022,13,NO,-0.0299,0.3929,0.5536,7.2414,56
2022,13,NYG,-0.1003,0.4516,0.5323,6.4483,62
2022,13,NYJ,-0.0512,0.4096,0.7108,8,83
2022,13,PHI,0.3204,0.5224,0.6418,9.6098,67
2022,13,PIT,0.1801,0.5469,0.4375,8.9643,64
2022,13,SEA,0.1457,0.5312,0.6719,6.7692,64
2022,13,SF,-0.0022,0.4211,0.5921,5.9512,76
2022,13,TB,-0.0265,0.4595,0.7432,5.6852,74
2022,13,TEN,-0.2319,0.283,0.6038,6.3077,53
2022,13,WAS,0.0428,0.4444,0.5679,7.7805,81
2022,14,ARI,-0.382,0.4203,0.6812,7.3902,69
2022,14,BAL,0.0503,0.4386,0.3333,7.8824,57
2022,14,BUF,-0.1042,0.3396,0.566,8.2963,53
2022,14,CAR,0.1674,0.5211,0.3662,3.6667,71
2022,14,CIN,0.0366,0.431,0.6034,6.8182,58
2022,14,CLE,-0.1394,0.4348,0.6377,8.4524,69
2022,14,DAL,-0.0244,0.4714,0.5714,8.3846,70
2022,14,DEN,-0.0962,0.3188,0.7246,5.25,69
2022,14,DET,0.2317,0.4493,0.5652,6.7179,69
2022,14,HOU,-0.1864,0.3968,0.4127,7.6154,63
2022,14,JAX,0.1714,0.4776,0.6418,7.0714,67
2022,14,KC,0.1011,0.4844,0.6875,7,64
2022,14,LA,-0.1155,0.3898,0.6441,8.4412,59
2022,14,LAC,0.0277,0.3947,0.7237,5.4118,76
2022,14,LV,0.0242,0.4483,0.3448,9.5,58
2022,14,MIA,-0.0826,0.3265,0.6122,12.1786,49
2022,14,MIN,0.0594,0.4286,0.7302,11.122,63
2022,14,NE,0.0182,0.4074,0.6667,4.9143,54
2022,14,NYG,-0.0595,0.4844,0.625,6.0625,64
2022,14,NYJ,-0.1687,0.3836,0.6986,7.7021,73
2022,14,PHI,0.3985,0.5077,0.5385,9.5806,65
2022,14,PIT,0.0182,0.4717,0.6226,10.7097,53
2022,14,SEA,-0.079,0.3774,0.7358,10.9444,53
2022,14,SF,0.1666,0.5172,0.3966,4.8696,58
2022,14,TB,-0.179,0.4384,0.7534,6.4545,73
2022,14,TEN,-0.1312,0.4762,0.6825,9.1053,63
2022,15,ARI,-0.3046,0.3,0.6667,6.5556,60
2022,15,ATL,-0.0044,0.4571,0.4286,9.1154,70
2022,15,BAL,-0.2221,0.4754,0.541,6.9333,61
2022,15,BUF,0.1928,0.5352,0.5915,10.7,71
2022,15,CAR,0.0391,0.3095,0.619,9.9091,42
2022,15,CHI,-0.1245,0.4561,0.4912,7.4545,57
2022,15,CIN,-0.0175,0.4918,0.6885,5.5,61
2022,15,CLE,0.0303,0.5082,0.5082,4.6071,61
2022,15,DAL,0.0451,0.5541,0.4459,8.6333,74
2022,15,DEN,-0.0494,0.5077,0.5077,4.4615,65
2022,15,DET,0.0349,0.4091,0.5758,5.2632,66
2022,15,GB,0.0614,0.5077,0.5077,4.8,65
2022,15,HOU,-0.1425,0.3214,0.5357,8.8276,56
2022,15,IND,-0.1802,0.4103,0.4615,7.7273,78
2022,15,JAX,0.1163,0.5714,0.6143,8.8333,70
2022,15,KC,0.1357,0.6104,0.5714,5.5366,77
2022,15,LA,-0.1085,0.3721,0.6047,4.619,43
2022,15,LAC,-0.065,0.5224,0.6418,8.15,67
2022,15,LV,-0.0654,0.3906,0.6406,12.7105,64
2022,15,MIA,0.1595,0.4483,0.569,8.2667,58
2022,15,MIN,-0.1284,0.4419,0.7326,8.0727,86
2022,15,NE,-0.1116,0.381,0.5079,9.4839,63
2022,15,NO,0.0523,0.5185,0.3889,10.6316,54
2022,15,NYG,0.0718,0.4746,0.5424,3.8125,59
2022,15,NYJ,-0.0666,0.3934,0.6393,14.0286,61
2022,15,PHI,0.0146,0.4286,0.5429,12.5946,70
2022,15,PIT,0.2295,0.5224,0.3433,7,67
2022,15,SEA,-0.2412,0.3934,0.7705,3.8182,61
2022,15,SF,0.2057,0.4138,0.4655,5.8462,58
2022,15,TB,-0.1056,0.4366,0.6479,7.1364,71
2022,15,TEN,-0.054,0.4286,0.5357,6.1923,56
2022,15,WAS,-0.0958,0.431,0.5517,11.2759,58
2022,16,ARI,-0.236,0.3014,0.6301,7.8222,73
2022,16,ATL,-0.1487,0.3676,0.5147,5.9394,68
2022,16,BAL,0.0125,0.449,0.3469,11.7059,49
2022,16,BUF,0.2171,0.5085,0.4746,11.3846,59
2022,16,CAR,0.4071,0.5469,0.3438,6.5455,64
2022,16,CHI,-0.4295,0.2931,0.5,7.963,58
2022,16,CIN,0.0805,0.5128,0.6923,6.4231,78
2022,16,CLE,-0.2542,0.3134,0.4925,9.7419,67
2022,16,DAL,0.0585,0.4714,0.5857,7.2286,70
2022,16,DEN,-0.2768,0.4032,0.6613,10.5429,62
2022,16,DET,0.0657,0.3548,0.7097,7.4286,62
2022,16,GB,-2e-4,0.4194,0.6452,8.6579,62
2022,16,HOU,-0.1039,0.3968,0.5397,9.25,63
2022,16,IND,-0.5724,0.34,0.72,8.3793,50
2022,16,JAX,0.074,0.4265,0.4706,5.2903,68
2022,16,KC,0.0149,0.4314,0.5686,7.4643,51
2022,16,LA,0.2853,0.5556,0.4444,3.3929,63
2022,16,LAC,-0.0508,0.5,0.5469,7.6774,64
2022,16,LV,-0.1743,0.3654,0.6346,9.4,52
2022,16,MIA,-0.0242,0.4444,0.6,10.56,45
2022,16,MIN,-0.0176,0.4571,0.7286,6.8511,70
2022,16,NE,-0.0877,0.3654,0.7115,11.9375,52
2022,16,NO,-0.1147,0.3774,0.283,7.3333,53
2022,16,NYG,0.0244,0.5075,0.6866,6.3571,67
2022,16,NYJ,-0.2883,0.3393,0.6429,9.4545,56
2022,16,PHI,0.0417,0.4853,0.5735,9.7436,68
2022,16,PIT,-0.0203,0.4394,0.5909,5.3333,66
2022,16,SEA,-0.224,0.3288,0.5753,6.675,73
2022,16,SF,0.1188,0.3529,0.4902,8.3182,51
2022,16,TB,-0.0983,0.4026,0.6234,4.7292,77
2022,16,TEN,-0.2615,0.4138,0.4655,6.087,58
2022,16,WAS,-0.1341,0.3857,0.5286,9.2941,70
2022,17,ARI,0.0191,0.4493,0.6087,9.45,69
2022,17,ATL,-0.0778,0.4167,0.45,5.8846,60
2022,17,BAL,0.0013,0.4286,0.4286,7.75,49
2022,17,CAR,-0.0112,0.4576,0.6271,9.3429,59
2022,17,CHI,-0.3372,0.36,0.56,9.9048,50
2022,17,CLE,0.1773,0.4,0.46,6.3333,50
2022,17,DAL,0.0023,0.4324,0.5676,7.4878,74
2022,17,DEN,-0.1642,0.3636,0.6364,5.0526,66
2022,17,DET,0.1866,0.5224,0.4627,6.6207,67
2022,17,GB,0.1115,0.4915,0.4576,10.3846,59
2022,17,HOU,-0.5066,0.2687,0.6866,7.9318,67
2022,17,IND,-0.1687,0.3214,0.5179,6.8519,56
2022,17,JAX,-0.076,0.4333,0.5167,5.4483,60
2022,17,KC,0.0931,0.5172,0.7241,7.4524,58
2022,17,LA,-0.1024,0.4255,0.4681,11.5789,47
2022,17,LAC,0.2857,0.5645,0.5,6.1613,62
2022,17,LV,0.062,0.5303,0.5152,10.1176,66
2022,17,MIA,-0.0365,0.3913,0.6087,7.95,69
2022,17,MIN,-0.1917,0.4561,0.6491,8.5429,57
2022,17,NE,-0.1287,0.2727,0.6545,8.7273,55
2022,17,NO,-0.0644,0.4375,0.4844,6.4583,64
2022,17,NYG,0.208,0.5902,0.3934,6,61
2022,17,NYJ,-0.323,0.3433,0.7463,7.7174,67
2022,17,PHI,-0.2718,0.3208,0.717,9.3438,53
2022,17,PIT,0.1534,0.5588,0.4265,8.2593,68
2022,17,SEA,-0.0301,0.3944,0.4648,9.2759,71
2022,17,SF,0.3059,0.5833,0.5833,7.7143,60
2022,17,TB,0.1196,0.48,0.6667,7.8222,75
2022,17,TEN,-0.164,0.2923,0.6308,9,65
2022,17,WAS,-0.1767,0.3529,0.4559,8.2857,68
2022,18,ARI,-0.3617,0.3878,0.6122,6.6667,49
2022,18,ATL,0.0521,0.4179,0.4776,11.8,67
2022,18,BAL,-0.3193,0.3425,0.6301,8.3095,73
2022,18,BUF,0.0997,0.4909,0.6,13.4194,55
2022,18,CAR,-0.2162,0.4138,0.2931,11.2667,58
2022,18,CHI,-0.1569,0.3265,0.5918,10.5926,49
2022,18,CIN,-0.1992,0.3281,0.6875,8.5238,64
2022,18,CLE,-0.0148,0.4211,0.614,7.2857,57
2022,18,DAL,-0.4818,0.2727,0.5909,10.5526,66
2022,18,DEN,0.1469,0.4355,0.4194,13.1667,62
2022,18,DET,0.1544,0.5424,0.5932,5.5,59
2022,18,GB,-0.1538,0.4561,0.5088,8.963,57
2022,18,HOU,-0.0671,0.3538,0.6462,8.475,65
2022,18,IND,-0.0837,0.4143,0.5286,7.2571,70
2022,18,JAX,-0.1064,0.4,0.7333,7.9688,45
2022,18,KC,0.2611,0.5556,0.5185,9.0385,54
2022,18,LA,-0.1198,0.3448,0.5345,9.6538,58
2022,18,LAC,0.0525,0.4478,0.6866,6.3409,67
2022,18,LV,-0.1583,0.3881,0.6269,8.4722,67
2022,18,MIA,-0.0891,0.3438,0.5,6.7097,64
2022,18,MIN,0.2517,0.5493,0.4648,8.4242,71
2022,18,NE,-0.0369,0.4688,0.6562,7.05,64
2022,18,NO,-0.1829,0.4483,0.4483,9.4,58
2022,18,NYG,-0.0017,0.375,0.6719,5.1,64
2022,18,NYJ,-0.1448,0.3019,0.6226,8.4848,53
2022,18,PHI,-3e-4,0.4118,0.5588,6.8286,68
2022,18,PIT,0.0774,0.3971,0.4559,11.1034,68
2022,18,SEA,-0.103,0.4203,0.4783,9.1,69
2022,18,SF,0.0511,0.4754,0.3934,5.35,61
2022,18,TB,-0.1688,0.3519,0.6296,5.5588,54
2022,18,TEN,-0.093,0.4306,0.4583,6.4483,72
2022,18,WAS,-0.1937,0.3387,0.3548,8.4211,62
2022,19,BAL,-0.0887,0.4242,0.4697,6.5862,66
2022,19,BUF,-0.1523,0.4225,0.6479,15.5897,71
2022,19,CIN,0.0558,0.537,0.6852,6.0938,54
2022,19,DAL,0.3735,0.5522,0.5075,8.1212,67
2022,19,JAX,-0.0143,0.507,0.6901,7.5106,71
2022,19,LAC,0.0731,0.3971,0.6765,5.5581,68
2022,19,MIA,-0.2105,0.3143,0.7143,11.0444,70
2022,19,MIN,0.1704,0.5357,0.7143,6.55,56
2022,19,NYG,0.3702,0.5156,0.5938,5.8,64
2022,19,SEA,0.0666,0.4688,0.6094,9.3143,64
2022,19,SF,0.396,0.5,0.5,12.6,64
2022,19,TB,-0.0487,0.4146,0.8537,5.4545,82
2022,20,BUF,0.0077,0.4516,0.6935,9.0952,62
2022,20,CIN,0.2234,0.5441,0.5294,7.1143,68
2022,20,DAL,-0.091,0.4,0.6333,8.1892,60
2022,20,JAX,0.0738,0.5254,0.678,7.9737,59
2022,20,KC,0.2121,0.5231,0.5692,5.3514,65
2022,20,NYG,-0.2281,0.4038,0.6154,7.8519,52
2022,20,PHI,0.337,0.5588,0.3676,6,68
2022,20,SF,0.0067,0.4444,0.4921,8.5517,63
2022,21,CIN,0.0218,0.4286,0.7302,7.3171,63
2022,21,KC,0.0455,0.3939,0.697,6.6279,66
2022,21,PHI,0.0789,0.4118,0.3824,9.72,68
2022,21,SF,-0.4604,0.3333,0.4667,6.3889,45
2022,22,KC,0.3747,0.6078,0.5294,6.1852,51
2022,22,PHI,0.1604,0.4932,0.5479,10.6316,73
2023,1,ARI,-0.3521,0.3103,0.569,6.2,58
2023,1,ATL,-0.1074,0.383,0.4681,3.5,47
2023,1,BAL,-0.0544,0.4068,0.4407,4.6364,59
2023,1,BUF,-0.0678,0.4925,0.6716,8.425,67
2023,1,CAR,-0.2698,0.3889,0.5556,7.3947,72
2023,1,CHI,-0.1768,0.4167,0.5833,3.0541,72
2023,1,CIN,-0.4654,0.2115,0.6538,7.375,52
2023,1,CLE,-0.1393,0.411,0.4384,11.3448,73
2023,1,DAL,0.0599,0.4364,0.4545,7.24,55
2023,1,DEN,-0.0017,0.4561,0.614,4.1515,57
2023,1,DET,0.0468,0.4091,0.5303,7,66
2023,1,GB,0.1557,0.3667,0.4667,10.1852,60
2023,1,HOU,-0.2749,0.3099,0.6761,6.0465,71
2023,1,IND,-0.3987,0.3333,0.6232,5.5897,69
2023,1,JAX,-0.2336,0.5,0.5,6.75,68
2023,1,KC,-0.1457,0.4032,0.629,9.0769,62
2023,1,LA,0.274,0.5,0.4872,10.7632,78
2023,1,LAC,0.1526,0.5789,0.4737,7.0909,76
2023,1,LV,0.1697,0.3725,0.5098,7.0385,51
2023,1,MIA,0.3076,0.5079,0.7143,11,63
2023,1,MIN,-0.132,0.3968,0.7302,6.7727,63
2023,1,NE,-0.2038,0.4051,0.7215,7.463,79
2023,1,NO,-0.0939,0.3548,0.5968,11.4545,62
2023,1,NYG,-0.4611,0.3231,0.5692,5.7,65
2023,1,NYJ,-0.0474,0.3922,0.4902,5.1364,51
2023,1,PHI,-0.1491,0.35,0.6,10.0606,60
2023,1,PIT,-0.3426,0.4,0.8333,7.2667,60
2023,1,SEA,-0.1075,0.4348,0.6087,4.8846,46
2023,1,SF,0.159,0.4286,0.5079,8.3448,63
2023,1,TB,-0.1045,0.3385,0.5385,7.4118,65
2023,1,TEN,-0.2225,0.2881,0.6271,9.1176,59
2023,1,WAS,-0.2942,0.3846,0.5692,7.3548,65
2023,2,ARI,0.1779,0.4426,0.5082,9.9677,61
2023,2,ATL,0.1151,0.4935,0.4286,7.7188,77
2023,2,BAL,0.2414,0.5797,0.4783,9.0909,69
2023,2,BUF,0.3069,0.5972,0.5417,4.6216,72
2023,2,CAR,-0.1465,0.4386,0.6667,7.8182,57
2023,2,CHI,-0.1648,0.4118,0.6863,6.1724,51
2023,2,CIN,0.0609,0.4912,0.7368,5.3902,57
2023,2,CLE,-0.2082,0.4096,0.5542,9.875,83
2023,2,DAL,0.057,0.425,0.4875,4.3684,80
2023,2,DEN,0.1338,0.4516,0.629,9.7097,62
2023,2,DET,-0.0424,0.5,0.5781,8.2857,64
2023,2,GB,0.0519,0.4783,0.5652,8.84,46
2023,2,HOU,-0.0155,0.3947,0.6711,9.7333,76
2023,2,IND,0.2566,0.5179,0.5893,4.1212,56
2023,2,JAX,-0.3352,0.375,0.7188,6.5,64
2023,2,KC,0.1448,0.3934,0.6885,6.6829,61
2023,2,LA,-0.0441,0.4675,0.7143,6.7222,77
2023,2,LAC,0.0922,0.4242,0.6818,10.7561,66
2023,2,LV,-0.2612,0.4359,0.6154,7.9167,39
2023,2,MIA,0.1983,0.5333,0.5167,8.9667,60
2023,2,MIN,0.081,0.4545,0.8364,9.0682,55
2023,2,NE,-0.0796,0.5286,0.6571,9,70
2023,2,NO,0.0396,0.4789,0.5775,7.6757,71
2023,2,NYG,0.2224,0.5373,0.597,9.3514,67
2023,2,NYJ,-0.5826,0.3556,0.6444,10.5,45
2023,2,PHI,0.1426,0.5067,0.36,9.0435,75
2023,2,PIT,-0.392,0.2745,0.6275,5.7333,51
2023,2,SEA,0.2434,0.5455,0.6212,6.475,66
2023,2,SF,0.139,0.4815,0.4815,9.04,54
2023,2,TB,0.2331,0.4394,0.5152,7.4118,66
2023,2,TEN,0.0106,0.4286,0.4603,8.7917,63
2023,2,WAS,0.201,0.4776,0.6418,5.8718,67
2023,3,ARI,0.2187,0.5472,0.4528,6.2381,53
2023,3,ATL,-0.3364,0.3077,0.6923,7.6579,65
2023,3,BAL,-0.1448,0.4861,0.4861,6.4194,72
2023,3,BUF,0.2173,0.4444,0.5079,9.5625,63
2023,3,CAR,0.0458,0.3867,0.8133,8.2241,75
2023,3,CHI,-0.3017,0.3725,0.4902,14.2727,51
2023,3,CIN,-0.0967,0.3286,0.7143,7.1667,70
2023,3,CLE,0.0218,0.4627,0.5373,8.2424,67
2023,3,DAL,0.0621,0.48,0.56,5.15,75
2023,3,DEN,-0.265,0.339,0.661,10.8421,59
2023,3,DET,-0.0155,0.3934,0.541,8.2424,61
2023,3,GB,-0.008,0.4118,0.6765,11.8636,68
2023,3,HOU,0.2201,0.4821,0.5357,8.4,56
2023,3,IND,-0.1543,0.3929,0.5833,7.7955,84
2023,3,JAX,-0.0507,0.4638,0.6087,7.119,69
2023,3,KC,0.236,0.5205,0.5205,6.6842,73
2023,3,LA,-0.1304,0.3846,0.75,9.6061,52
2023,3,LAC,0.1951,0.5079,0.7778,7.1042,63
2023,3,LV,-0.1444,0.5,0.7206,10.3636,68
2023,3,MIA,0.6579,0.6286,0.4,6.6071,70
2023,3,MIN,-1e-4,0.4744,0.6923,7.94,78
2023,3,NE,-0.007,0.3768,0.4203,9.6897,69
2023,3,NO,-0.0552,0.4333,0.6333,8.0882,60
2023,3,NYG,-0.2319,0.3404,0.766,6.0909,47
2023,3,NYJ,-0.3732,0.2833,0.6333,6.9429,60
2023,3,PHI,0.0915,0.5385,0.4872,9.2432,78
2023,3,PIT,0.0178,0.3729,0.4915,8.1429,59
2023,3,SEA,0.2092,0.5441,0.5735,8.25,68
2023,3,SF,0.1859,0.4533,0.52,4.9189,75
2023,3,TB,-0.1991,0.4,0.6222,10.56,45
2023,3,TEN,-0.438,0.2667,0.6667,10.16,45
2023,3,WAS,-0.5988,0.3922,0.7451,7.069,51
2023,4,ARI,0.124,0.4706,0.6176,8.2683,68
2023,4,ATL,-0.3004,0.4211,0.614,8.2581,57
2023,4,BAL,0.035,0.4182,0.4,6.3158,55
2023,4,BUF,0.437,0.5769,0.5192,8.2,52
2023,4,CAR,-0.2563,0.3824,0.5441,3.6875,68
2023,4,CHI,0.098,0.4857,0.5571,8.8571,70
2023,4,CIN,-0.2299,0.52,0.66,4.7241,50
2023,4,CLE,-0.5141,0.3281,0.625,8.7222,64
2023,4,DAL,0.114,0.4848,0.6061,6.3056,66
2023,4,DEN,0.3492,0.5319,0.617,6.3929,47
2023,4,DET,0.1378,0.4861,0.4167,6.4286,72
2023,4,GB,-0.2212,0.3818,0.7636,9.5278,55
2023,4,HOU,0.14,0.4478,0.4328,8.931,67
2023,4,IND,0.0229,0.4068,0.4915,12.44,59
2023,4,JAX,0.0066,0.377,0.5246,5.9667,61
2023,4,KC,0.1686,0.4844,0.4844,6.5,64
2023,4,LA,0.1752,0.4615,0.5385,7.425,78
2023,4,LAC,-0.0343,0.339,0.4407,12.0417,59
2023,4,LV,-0.1669,0.4493,0.6667,6.5385,69
2023,4,MIA,-0.0119,0.4746,0.678,5.3714,59
2023,4,MIN,-0.1542,0.5227,0.4773,8.7895,44
2023,4,NE,-0.478,0.3091,0.5818,7.6,55
2023,4,NO,-0.3657,0.2833,0.7,8.2821,60
2023,4,NYG,-0.4533,0.3514,0.6081,3.6765,74
2023,4,NYJ,0.0202,0.3966,0.7069,7.4615,58
2023,4,PHI,0.1775,0.4853,0.5882,10.7568,68
2023,4,PIT,-0.282,0.3393,0.5536,6.2143,56
2023,4,SEA,-0.1149,0.3922,0.549,4.9231,51
2023,4,SF,0.5004,0.6471,0.4314,8.619,51
2023,4,TB,0.0496,0.4308,0.5385,5.7273,65
2023,4,TEN,0.2021,0.4754,0.4754,11.8846,61
2023,4,WAS,0.2036,0.4054,0.6216,9.7317,74
2023,5,ARI,-0.2948,0.3333,0.614,9.75,57
2023,5,ATL,-0.0101,0.4795,0.5342,8.3421,73
2023,5,BAL,-0.228,0.4179,0.6269,11.1053,67
2023,5,BUF,0.1887,0.5185,0.7593,11.075,54
2023,5,CAR,-0.0797,0.4769,0.6462,6.2195,65
2023,5,CHI,0.3089,0.4219,0.5,9.1724,64
2023,5,CIN,0.0078,0.5256,0.6282,6.5217,78
2023,5,DAL,-0.4467,0.3542,0.625,11.7308,48
2023,5,DEN,-0.2196,0.386,0.5965,5.8667,57
2023,5,DET,0.2528,0.5439,0.5263,5.6786,57
2023,5,GB,-0.1874,0.4561,0.5614,7.9667,57
2023,5,HOU,-0.0665,0.3793,0.6034,8.3714,58
2023,5,IND,0.2065,0.4167,0.45,7.9615,60
2023,5,JAX,0.1342,0.4634,0.5122,7.9459,82
2023,5,KC,0.1719,0.4444,0.6667,6.025,63
2023,5,LA,-0.0027,0.4,0.7455,9.8919,55
2023,5,LV,-0.08,0.4754,0.5574,5.2,61
2023,5,MIA,0.0975,0.5962,0.5769,4.2414,52
2023,5,MIN,3e-4,0.4328,0.7313,7.7174,67
2023,5,NE,-0.7829,0.1961,0.6471,11,51
2023,5,NO,0.0235,0.3788,0.4242,9.5769,66
2023,5,NYG,-0.1643,0.3824,0.5735,6.3125,68
2023,5,NYJ,0.0026,0.4516,0.4839,6.9615,62
2023,5,PHI,0.1487,0.4872,0.5,7.7895,78
2023,5,PIT,-0.0283,0.3443,0.5902,9.5312,61
2023,5,SF,0.2016,0.6061,0.3939,8.44,66
2023,5,TEN,0.0997,0.4286,0.625,8,56
2023,5,WAS,-0.1034,0.4118,0.8382,7.5686,68
2023,6,ARI,-0.2618,0.3611,0.5972,10.3902,72
2023,6,ATL,-0.172,0.3797,0.6203,8.8913,79
2023,6,BAL,0.0226,0.4928,0.4493,7.5667,69
2023,6,BUF,-0.0173,0.4915,0.5085,8.8,59
2023,6,CAR,-0.1428,0.3529,0.6324,8.0769,68
2023,6,CHI,-0.3636,0.4844,0.4531,5.9167,64
2023,6,CIN,-0.1008,0.4615,0.7308,5.7714,52
2023,6,CLE,-0.1953,0.3333,0.5217,7,69
2023,6,DAL,0.0747,0.4068,0.5932,8.8333,59
2023,6,DEN,-0.3205,0.42,0.52,5.3182,50
2023,6,DET,0.1483,0.4706,0.6912,6.1364,68
2023,6,HOU,-0.0352,0.4237,0.4915,8.7037,59
2023,6,IND,-0.2075,0.36,0.7733,7.1636,75
2023,6,JAX,-0.0755,0.4138,0.569,7.4,58
2023,6,KC,-0.0282,0.5075,0.6418,4.2439,67
2023,6,LA,0.14,0.4906,0.4717,8.6818,53
2023,6,LAC,-0.109,0.3443,0.623,6.9189,61
2023,6,LV,0.0117,0.371,0.5161,8.0312,62
2023,6,MIA,0.1789,0.4677,0.5161,8.5625,62
2023,6,MIN,-0.1943,0.4074,0.6111,6.0968,54
2023,6,NE,-0.0056,0.5091,0.6727,5.3333,55
2023,6,NO,0.0355,0.5,0.6795,10.2353,78
2023,6,NYG,-0.1563,0.4366,0.5211,7.3529,71
2023,6,NYJ,-0.1376,0.3793,0.6724,7.8485,58
2023,6,PHI,-0.1219,0.4203,0.6812,8.0889,69
2023,6,SEA,-0.0676,0.4571,0.6429,8.4146,70
2023,6,SF,-0.1941,0.3019,0.5472,9.6154,53
2023,6,TB,-0.2432,0.3519,0.7037,11.973,54
2023,6,TEN,-0.197,0.3913,0.587,8.0952,46
2023,6,WAS,-0.0324,0.3542,0.5833,9.4783,48
2023,7,ARI,-0.215,0.3333,0.6032,6.9412,63
2023,7,ATL,-0.0474,0.4375,0.4062,8.12,64
2023,7,BAL,0.4732,0.5185,0.5185,8.8214,54
2023,7,BUF,0.159,0.5152,0.6364,10.9512,66
2023,7,CHI,0.1897,0.5224,0.4627,1.8276,67
2023,7,CLE,-0.1635,0.338,0.5352,8.4167,71
2023,7,DEN,0.0918,0.4364,0.5455,7.8276,55
2023,7,DET,-0.1574,0.4247,0.8082,6.434,73
2023,7,GB,0.134,0.4426,0.5246,6.9062,61
2023,7,IND,-0.051,0.403,0.403,9.087,67
2023,7,JAX,-0.042,0.4151,0.566,6.3667,53
2023,7,KC,0.2564,0.5161,0.6935,8.1667,62
2023,7,LA,-0.0432,0.4127,0.5079,9.069,63
2023,7,LAC,0.047,0.3667,0.5833,10.8,60
2023,7,LV,-0.2389,0.377,0.7705,7.1778,61
2023,7,MIA,-0.151,0.4375,0.75,8.0938,48
2023,7,MIN,0.1647,0.4219,0.6875,5.6364,64
2023,7,NE,0.1569,0.5179,0.5536,3.3333,56
2023,7,NO,-0.127,0.375,0.6477,5.8545,88
2023,7,NYG,-0.0512,0.4516,0.5323,10.9655,62
2023,7,PHI,0.107,0.4615,0.5231,7.3548,65
2023,7,PIT,0.0602,0.5192,0.5192,8.52,52
2023,7,SEA,0.0214,0.4643,0.4643,9.5417,56
2023,7,SF,0.0783,0.5686,0.5882,8.3103,51
2023,7,TB,-0.1326,0.3438,0.7031,7.5714,64
2023,7,WAS,-0.2302,0.3582,0.7164,8.9762,67
2023,8,ARI,-0.1927,0.4722,0.5556,7.1081,72
2023,8,ATL,-0.0501,0.4154,0.6154,8.9412,65
2023,8,BAL,0.0331,0.4576,0.5254,5.9259,59
2023,8,BUF,0.0994,0.5373,0.6269,5.975,67
2023,8,CAR,-0.1552,0.3279,0.6066,6.3226,61
2023,8,CHI,-0.1534,0.4355,0.629,6.8649,62
2023,8,CIN,0.228,0.5574,0.5738,5.6562,61
2023,8,CLE,-0.0858,0.4189,0.473,8.8438,74
2023,8,DAL,0.163,0.5,0.6167,8.6176,60
2023,8,DEN,-0.0681,0.4,0.3846,6.6842,65
2023,8,DET,-0.1339,0.4177,0.481,4.6216,79
2023,8,GB,-0.2421,0.371,0.7258,9.0732,62
2023,8,HOU,-0.0347,0.4035,0.4737,7.4583,57
2023,8,IND,0.0478,0.3731,0.6418,7.9268,67
2023,8,JAX,-0.0916,0.4848,0.5303,6.7188,66
2023,8,KC,-0.3173,0.386,0.7193,7.2895,57
2023,8,LA,-0.1568,0.4167,0.6,6.4062,60
2023,8,LAC,-0.021,0.3846,0.6154,4.35,65
2023,8,LV,-0.5233,0.4444,0.6,11.1429,45
2023,8,MIA,0.0825,0.4286,0.6714,6.7778,70
2023,8,MIN,0.1862,0.4179,0.5672,6.0571,67
2023,8,NE,-0.1886,0.4,0.64,6.8966,50
2023,8,NO,0.333,0.5231,0.4615,13.1379,65
2023,8,NYG,-0.3725,0.2286,0.2571,1.4286,70
2023,8,NYJ,-0.4134,0.3115,0.6393,7.8571,61
2023,8,PHI,0.1845,0.4167,0.6667,8,60
2023,8,PIT,-0.2414,0.381,0.7143,9.1667,63
2023,8,SEA,0.0692,0.463,0.7037,7.6757,54
2023,8,SF,-0.0317,0.5357,0.5893,8.7097,56
2023,8,TB,-0.0742,0.371,0.7258,7.2857,62
2023,8,TEN,0.0664,0.4219,0.4844,11.1379,64
2023,8,WAS,0.0687,0.5072,0.7681,7.4615,69
2023,9,ARI,-0.8043,0.1458,0.5625,2.45,48
2023,9,ATL,-0.1174,0.3485,0.5758,10.5676,66
2023,9,BAL,0.1902,0.4861,0.4583,8.375,72
2023,9,BUF,0.0421,0.5536,0.7143,7.8947,56
2023,9,CAR,-0.2986,0.3662,0.6056,4.6154,71
2023,9,CHI,-0.0957,0.4375,0.5,6.1333,64
2023,9,CIN,0.1869,0.4688,0.7031,6.5682,64
2023,9,CLE,-0.078,0.3,0.4286,7.2759,70
2023,9,DAL,0.1208,0.4714,0.7,9.5455,70
2023,9,GB,-0.0117,0.4615,0.4462,6.96,65
2023,9,HOU,0.2988,0.4531,0.7031,11.3171,64
2023,9,IND,-0.1039,0.3704,0.5,3.5769,54
2023,9,KC,0.0183,0.434,0.6038,5.5667,53
2023,9,LA,-0.4489,0.2909,0.5273,9.3571,55
2023,9,LAC,-0.119,0.3273,0.6364,5.3333,55
2023,9,LV,0.002,0.4746,0.4237,8.12,59
2023,9,MIA,-0.1308,0.4138,0.6379,8.2647,58
2023,9,MIN,-0.0366,0.3973,0.5616,6.3056,73
2023,9,NE,-0.0896,0.3548,0.7097,8.5227,62
2023,9,NO,-0.0632,0.459,0.5738,4.1714,61
2023,9,NYG,-0.3902,0.381,0.6032,9.8621,63
2023,9,NYJ,-0.3714,0.3377,0.7403,7.2041,77
2023,9,PHI,0.1935,0.4915,0.4407,8.6522,59
2023,9,PIT,0.1267,0.4915,0.5085,5.3333,59
2023,9,SEA,-0.4456,0.2391,0.6957,7.8214,46
2023,9,TB,0.1503,0.3968,0.5079,8.8,63
2023,9,TEN,-0.0025,0.403,0.6269,10.3421,67
2023,9,WAS,0.0374,0.4211,0.6316,8.5333,76
2023,10,ARI,-0.0034,0.5,0.5833,10.4062,60
2023,10,ATL,-0.0318,0.4,0.3846,8.8095,65
2023,10,BAL,-0.1697,0.42,0.52,10.4348,50
2023,10,BUF,-0.0632,0.5094,0.5094,8.6923,53
2023,10,CAR,-0.1379,0.2632,0.7193,6.7632,57
2023,10,CHI,-0.059,0.4348,0.4783,6.7273,69
2023,10,CIN,6e-4,0.3729,0.7458,8.8,59
2023,10,CLE,0.0869,0.4533,0.52,10.5714,75
2023,10,DAL,0.3099,0.5263,0.5789,10.4318,76
2023,10,DEN,-0.0029,0.3913,0.4783,3.4483,69
2023,10,DET,0.4462,0.5574,0.541,7.4242,61
2023,10,GB,0.0644,0.375,0.625,10.1282,64
2023,10,HOU,0.1014,0.4459,0.5405,11.9487,74
2023,10,IND,-0.0179,0.434,0.5283,8.8214,53
2023,10,JAX,-0.4715,0.2778,0.6852,7,54
2023,10,LAC,0.2017,0.4706,0.5882,6.825,68
2023,10,LV,-0.1846,0.4355,0.4839,7.2963,62
2023,10,MIN,0.0998,0.4412,0.5147,7.8529,68
2023,10,NE,8e-4,0.5294,0.4706,4.5926,68
2023,10,NO,-0.049,0.3651,0.7302,11.2558,63
2023,10,NYG,-0.2504,0.3148,0.5926,6.037,54
2023,10,NYJ,-0.1315,0.3968,0.6667,9.2,63
2023,10,PIT,0.0424,0.4833,0.4,4.6957,60
2023,10,SEA,0.0978,0.4658,0.6438,6.0435,73
2023,10,SF,0.322,0.4912,0.5263,6.5714,57
2023,10,TB,0.0533,0.35,0.5333,12.0345,60
2023,10,TEN,-0.2696,0.339,0.7288,11.4872,59
2023,10,WAS,0.1092,0.4098,0.7705,4.9773,61
2023,11,ARI,-0.0569,0.4237,0.5593,9.2333,59
2023,11,BAL,0.1707,0.4833,0.4833,11.7308,60
2023,11,BUF,0.0941,0.3623,0.4783,7.125,69
2023,11,CAR,-0.2956,0.3621,0.6207,7.2069,58
2023,11,CHI,0.0189,0.4714,0.3571,10.8696,70
2023,11,CIN,0.0528,0.4746,0.6102,8,59
2023,11,CLE,-0.1385,0.3662,0.5915,3.561,71
2023,11,DAL,0.1818,0.4462,0.6308,6.2683,65
2023,11,DEN,-0.0419,0.4038,0.7115,6.6571,52
2023,11,DET,0.0742,0.5593,0.6441,7,59
2023,11,GB,0.0853,0.4429,0.6143,6.575,70
2023,11,HOU,-0.0529,0.4545,0.6364,9.7368,66
2023,11,JAX,0.1939,0.4058,0.4783,9.5,69
2023,11,KC,-0.1319,0.3425,0.589,9.119,73
2023,11,LA,-0.1633,0.3966,0.5517,5.0968,58
2023,11,LAC,0.0653,0.4098,0.623,9.6111,61
2023,11,LV,-0.2539,0.3559,0.7288,9.7561,59
2023,11,MIA,-0.1038,0.3731,0.597,7.5641,67
2023,11,MIN,-0.0202,0.4857,0.4857,7.3125,70
2023,11,NYG,-0.0229,0.3519,0.6481,9.3846,54
2023,11,NYJ,-0.3776,0.2545,0.6727,5.9,55
2023,11,PHI,-0.0197,0.3922,0.5294,7.6364,51
2023,11,PIT,-0.1072,0.3571,0.5536,6.0357,56
2023,11,SEA,-0.0084,0.3607,0.6721,8.3077,61
2023,11,SF,0.212,0.5263,0.5088,8.04,57
2023,11,TB,-0.1154,0.4697,0.7424,9.0444,66
2023,11,TEN,0.038,0.4167,0.5278,7.8235,36
2023,11,WAS,-0.1708,0.4545,0.6364,6.6,77
2023,12,ARI,-0.1385,0.3788,0.7576,8.5778,66
2023,12,ATL,0.051,0.4754,0.3443,8,61
2023,12,BAL,0.0266,0.4925,0.5075,5.3125,67
2023,12,BUF,0.1654,0.4505,0.5714,7.9804,91
2023,12,CAR,-0.1387,0.3433,0.5224,6.4194,67
2023,12,CHI,-0.1209,0.3692,0.6154,2.7027,65
2023,12,CIN,-0.1561,0.35,0.75,5.0769,40
2023,12,CLE,-0.2822,0.3571,0.6714,7.2619,70
2023,12,DAL,0.4576,0.5294,0.6471,14.6875,51
2023,12,DEN,-0.0273,0.4138,0.3966,5.5455,58
2023,12,DET,-0.139,0.4177,0.6076,7.2273,79
2023,12,GB,0.1455,0.463,0.6111,9.4375,54
2023,12,HOU,0.0572,0.4483,0.6897,9.5833,58
2023,12,IND,0.081,0.4928,0.6232,6.0244,69
2023,12,JAX,0.0374,0.4412,0.5735,8.4737,68
2023,12,KC,0.2643,0.5179,0.625,4.9118,56
2023,12,LA,0.3349,0.5606,0.5,5.8182,66
2023,12,LAC,-0.3017,0.3636,0.7121,6.7727,66
2023,12,LV,-0.0264,0.3276,0.6034,4.6765,58
2023,12,MIA,0.0416,0.4478,0.4627,5.069,67
2023,12,MIN,-0.5115,0.2941,0.6667,8.1562,51
2023,12,NE,-0.1639,0.4118,0.5441,3.5714,68
2023,12,NO,-0.0445,0.4697,0.5909,8.6579,66
2023,12,NYG,-0.2423,0.3061,0.6327,7.44,49
2023,12,NYJ,-0.3846,0.3455,0.8182,4.4211,55
2023,12,PHI,0.0355,0.4531,0.5156,7.129,64
2023,12,PIT,0.0795,0.4615,0.5385,8.4545,65
2023,12,SEA,-0.2649,0.4444,0.6111,10.7407,54
2023,12,SF,0.1095,0.4762,0.5079,9,63
2023,12,TB,-0.0842,0.4643,0.6607,6.6452,56
2023,12,TEN,0.0411,0.4694,0.5714,8.5926,49
2023,12,WAS,-0.2269,0.4667,0.64,8,75
2023,13,ARI,0.0381,0.35,0.4167,7.5217,60
2023,13,ATL,-0.2277,0.3016,0.4762,10.4074,63
2023,13,CAR,-0.0856,0.4571,0.5,10.0968,70
2023,13,CIN,0.1945,0.5139,0.5694,3.8718,72
2023,13,CLE,-0.096,0.4203,0.6667,12.3409,69
2023,13,DAL,0.1773,0.5,0.5897,5.8293,78
2023,13,DEN,-0.2162,0.431,0.5,12.8846,58
2023,13,DET,0.154,0.3818,0.4909,7.16,55
2023,13,GB,0.3028,0.4921,0.6032,7.5556,63
2023,13,HOU,-0.0542,0.3492,0.5397,10.4286,63
2023,13,IND,-0.0109,0.4265,0.6765,7.4048,68
2023,13,JAX,0.186,0.4853,0.6324,11.2564,68
2023,13,KC,0.1736,0.4918,0.5902,8.6667,61
2023,13,LA,0.118,0.4262,0.6066,7.8919,61
2023,13,LAC,-0.1479,0.4068,0.6271,7.2703,59
2023,13,MIA,0.4092,0.5085,0.4237,8.52,59
2023,13,NE,-0.2746,0.3871,0.4839,11.4,62
2023,13,NO,-0.0362,0.4545,0.4697,8.7586,66
2023,13,NYJ,-0.3492,0.2537,0.6269,8.9474,67
2023,13,PHI,0.0604,0.3429,0.7429,7.3333,70
2023,13,PIT,-0.0922,0.4737,0.4737,8.2593,57
2023,13,SEA,0.132,0.4444,0.6508,5.775,63
2023,13,SF,0.5297,0.6071,0.5179,6.5556,56
2023,13,TB,-0.0453,0.3036,0.5357,10.8276,56
2023,13,TEN,0.0308,0.4125,0.4875,8.8788,80
2023,13,WAS,-0.1766,0.2909,0.4909,8.6087,55
2023,14,ATL,-0.0157,0.4348,0.6232,10.1026,69
2023,14,BAL,0.1684,0.4366,0.6479,12.6977,71
2023,14,BUF,0.0181,0.4143,0.6286,8.4634,70
2023,14,CAR,-0.3267,0.3544,0.5063,13.6111,79
2023,14,CHI,0.0425,0.3231,0.5692,7.3939,65
2023,14,CIN,0.0726,0.4035,0.4386,4.28,57
2023,14,CLE,-0.1181,0.4225,0.6479,7.4222,71
2023,14,DAL,0.0377,0.4595,0.5676,6.8205,74
2023,14,DEN,-0.0493,0.4127,0.5556,5.0606,63
2023,14,DET,-0.1477,0.4127,0.619,6.8,63
2023,14,GB,-0.0392,0.403,0.6119,5.9231,67
2023,14,HOU,-0.5273,0.25,0.6346,9.8214,52
2023,14,IND,-0.0444,0.4667,0.7167,6.0769,60
2023,14,JAX,-0.1883,0.3514,0.7432,9.9,74
2023,14,KC,-0.0571,0.5,0.7097,6.6279,62
2023,14,LA,0.1027,0.4247,0.6027,9.3902,73
2023,14,LAC,-0.471,0.3731,0.7164,8.0476,67
2023,14,LV,-0.4643,0.2264,0.6792,4.5,53
2023,14,MIA,-0.0384,0.4928,0.5507,7.6364,69
2023,14,MIN,-0.2031,0.3944,0.5775,7.1944,71
2023,14,NE,-0.0593,0.3273,0.5455,7.0357,55
2023,14,NO,-0.1909,0.44,0.54,4.1923,50
2023,14,NYG,0.0099,0.537,0.3889,6.5714,54
2023,14,NYJ,-0.0068,0.3846,0.6154,6.6111,65
2023,14,PHI,-0.1777,0.4423,0.5577,10.4643,52
2023,14,PIT,-0.3059,0.3939,0.5909,7.7222,66
2023,14,SEA,-0.1225,0.3393,0.6429,7.5806,56
2023,14,SF,0.263,0.4423,0.5769,10.0741,52
2023,14,TB,-0.0321,0.3731,0.4478,9.7586,67
2023,14,TEN,0.067,0.4559,0.5882,9.5263,68
2023,15,ARI,0.0038,0.3973,0.589,6.0256,73
2023,15,ATL,-0.3027,0.36,0.4,7.1,50
2023,15,BAL,0.0261,0.5362,0.3913,8.0417,69
2023,15,BUF,0.1865,0.5323,0.2581,7.8667,62
2023,15,CAR,-0.1957,0.3667,0.45,8.3333,60
2023,15,CHI,-0.3112,0.2714,0.6143,10.8,70
2023,15,CIN,0.148,0.5075,0.7015,8.9762,67
2023,15,CLE,-0.3704,0.3433,0.7313,8.3778,67
2023,15,DAL,-0.0942,0.4386,0.6491,7.5294,57
2023,15,DEN,-0.1282,0.4098,0.5574,7.25,61
2023,15,DET,0.3301,0.5,0.5625,8.5294,64
2023,15,GB,0.0316,0.4561,0.7193,6.3333,57
2023,15,HOU,-0.1103,0.4444,0.5556,7.6667,72
2023,15,IND,0.0536,0.4219,0.4844,7.6071,64
2023,15,JAX,-0.2257,0.3607,0.7213,10.0233,61
2023,15,KC,-0.0204,0.3448,0.7069,5.5526,58
2023,15,LA,-0.0179,0.4324,0.4865,5.2121,74
2023,15,LAC,-0.3749,0.4127,0.5556,4.6562,63
2023,15,LV,0.2525,0.4921,0.5873,8.4167,63
2023,15,MIA,0.108,0.3636,0.5273,3.3846,55
2023,15,MIN,0.1409,0.4925,0.5522,6.9118,67
2023,15,NE,-0.3173,0.3529,0.6863,4.1613,51
2023,15,NO,0.0877,0.4364,0.5455,6.4138,55
2023,15,NYG,-0.3011,0.25,0.7333,6.2973,60
2023,15,NYJ,-0.5664,0.2,0.7818,7.1351,55
2023,15,PHI,0.1143,0.5072,0.4493,9.5161,69
2023,15,PIT,-0.32,0.3333,0.5556,10.0385,54
2023,15,SEA,0.0576,0.4138,0.6034,7.4848,58
2023,15,SF,0.4263,0.5294,0.5294,12.963,51
2023,15,TB,0.3645,0.5172,0.569,9.0357,58
2023,15,TEN,-0.1819,0.2698,0.5238,15.3077,63
2023,15,WAS,-0.1444,0.3793,0.6379,10.1111,58
2023,16,ARI,-0.1575,0.3167,0.6667,5.973,60
2023,16,ATL,0.1309,0.5079,0.5238,4.6875,63
2023,16,BAL,0.063,0.4516,0.5968,4.8857,62
2023,16,BUF,0.0689,0.4038,0.4231,13.1905,52
2023,16,CAR,0.183,0.4762,0.5873,10.6286,63
2023,16,CHI,0.1165,0.4328,0.4179,10.4444,67
2023,16,CIN,-0.209,0.4194,0.7419,5.881,62
2023,16,CLE,0.1134,0.4156,0.5974,10.6364,77
2023,16,DAL,0.0601,0.4667,0.6,5.5312,60
2023,16,DEN,-0.0927,0.4697,0.6515,8.9722,66
2023,16,DET,0.1809,0.5067,0.5467,3.725,75
2023,16,GB,0.2613,0.4921,0.4603,10.2143,63
2023,16,HOU,-0.2678,0.3088,0.7647,7.1837,68
2023,16,IND,-0.24,0.3433,0.6418,10,67
2023,16,JAX,-0.2039,0.4444,0.7937,9.4545,63
2023,16,KC,-0.2506,0.4054,0.6622,3.7778,74
2023,16,LA,0.2081,0.4848,0.5303,8.1765,66
2023,16,LAC,-0.0949,0.3538,0.5846,7.6667,65
2023,16,LV,-0.1796,0.34,0.46,7.4762,50
2023,16,MIA,0.0359,0.5161,0.6129,9.7838,62
2023,16,MIN,0.0322,0.4,0.78,15.0571,50
2023,16,NE,-0.0754,0.3455,0.6182,7,55
2023,16,NO,-0.0525,0.3793,0.7414,9.45,58
2023,16,NYG,-0.0643,0.3276,0.5345,8.3667,58
2023,16,NYJ,-0.24,0.4353,0.5765,2.5306,85
2023,16,PHI,0.1301,0.5405,0.527,5.5,74
2023,16,PIT,0.2205,0.4655,0.4828,9.2222,58
2023,16,SEA,0.1312,0.4237,0.661,6.4444,59
2023,16,SF,-0.2289,0.4265,0.7353,6.6087,68
2023,16,TB,0.0524,0.4,0.5286,6.5429,70
2023,16,TEN,0.0946,0.5079,0.5079,5.3462,63
2023,16,WAS,-0.1827,0.3621,0.6207,5.6286,58
2023,17,ARI,0.2558,0.5833,0.4444,4.6129,72
2023,17,ATL,-0.0727,0.3898,0.5932,10.2424,59
2023,17,BAL,0.6069,0.566,0.434,11.3182,53
2023,17,BUF,-0.0654,0.4697,0.4697,11.2,66
2023,17,CAR,-0.4552,0.3396,0.717,8.0312,53
2023,17,CHI,0.1274,0.3889,0.4861,9,72
2023,17,CIN,-0.0759,0.338,0.5493,7.7576,71
2023,17,CLE,-0.0572,0.4483,0.5172,6.1724,58
2023,17,DAL,-0.0409,0.459,0.6721,10.3684,61
2023,17,DEN,-0.0479,0.4154,0.5231,7.5625,65
2023,17,DET,-0.045,0.4462,0.5231,7.6875,65
2023,17,GB,0.2734,0.5352,0.4789,10.5,71
2023,17,HOU,0.0025,0.4754,0.541,5.0938,61
2023,17,IND,0.1387,0.4038,0.4615,6.8261,52
2023,17,JAX,0.106,0.3621,0.4655,6.375,58
2023,17,KC,0.0476,0.3725,0.6078,5.069,51
2023,17,LA,0.0183,0.4833,0.6333,5.8235,60
2023,17,LAC,-0.1375,0.3871,0.6129,7.5676,62
2023,17,LV,0.076,0.4324,0.6622,9.1277,74
2023,17,MIA,-0.1518,0.3881,0.6269,6.9211,67
2023,17,MIN,-0.3389,0.3725,0.7059,7.9375,51
2023,17,NE,-0.2828,0.3846,0.5577,8.0385,52
2023,17,NO,0.0734,0.3582,0.5224,4.7941,67
2023,17,NYG,-0.0679,0.3881,0.7015,8.3,67
2023,17,NYJ,-0.1771,0.3971,0.6912,3.8667,68
2023,17,PHI,0.2275,0.5106,0.5106,11.5,47
2023,17,PIT,0.2837,0.5143,0.3571,7.5833,70
2023,17,SEA,0.1226,0.4694,0.6939,6.8182,49
2023,17,SF,0.2282,0.6364,0.4394,7.0357,66
2023,17,TB,-0.1669,0.36,0.72,8.6667,50
2023,17,TEN,-0.4293,0.283,0.6038,6.9231,53
2023,17,WAS,-0.1832,0.4884,0.6744,6.1429,43
2023,18,ARI,0.2326,0.4348,0.4493,5.5667,69
2023,18,ATL,-0.3,0.4167,0.5833,6.0294,60
2023,18,BAL,-0.2868,0.375,0.5714,6.0714,56
2023,18,BUF,0.0741,0.4933,0.5467,9.6842,75
2023,18,CAR,-0.3103,0.26,0.42,5.8333,50
2023,18,CHI,-0.0956,0.413,0.4565,8.875,46
2023,18,CIN,0.0108,0.4754,0.5082,3.5,61
2023,18,CLE,-0.2543,0.3654,0.5577,8.9231,52
2023,18,DAL,0.3638,0.6232,0.5797,5.325,69
2023,18,DEN,-0.0448,0.4138,0.6724,9.5,58
2023,18,DET,0.1409,0.4286,0.5893,7.9688,56
2023,18,GB,0.2359,0.5517,0.569,6.9062,58
2023,18,HOU,0.1199,0.4821,0.5,10.0385,56
2023,18,IND,-0.0102,0.4127,0.4127,9.875,63
2023,18,JAX,-0.0628,0.4848,0.6515,7.1628,66
2023,18,KC,-0.1437,0.3448,0.5345,5.5667,58
2023,18,LA,0.1005,0.5161,0.4355,6.625,62
2023,18,LAC,-0.2332,0.45,0.625,6.5532,80
2023,18,LV,0.1313,0.4444,0.5397,7.6452,63
2023,18,MIA,0.0383,0.4375,0.5833,11.3704,48
2023,18,MIN,-0.0146,0.3857,0.6857,9.0909,70
2023,18,NE,-0.5595,0.1897,0.6379,10.6333,58
2023,18,NO,0.2055,0.4545,0.4697,8.3214,66
2023,18,NYG,0.0883,0.5,0.5455,9.4412,66
2023,18,NYJ,-0.2308,0.3281,0.3281,7.95,64
2023,18,PHI,-0.2821,0.4154,0.6308,9.9722,65
2023,18,PIT,-0.0679,0.4918,0.377,3.6,61
2023,18,SEA,0.1126,0.4815,0.537,6.1071,54
2023,18,SF,0.1573,0.5439,0.4912,10.08,57
2023,18,TB,-0.0941,0.4098,0.5738,7.8125,61
2023,18,TEN,0.1261,0.4615,0.5577,5.2963,52
2023,18,WAS,-0.2995,0.3542,0.6667,5.5,48
2023,19,BUF,0.1937,0.4769,0.4923,6.4667,65
2023,19,CLE,-0.3072,0.3857,0.7143,6.8261,70
2023,19,DAL,0.056,0.5714,0.7033,8.7,91
2023,19,DET,0.1943,0.5,0.5769,4.7778,52
2023,19,GB,0.4771,0.5283,0.3962,11.0952,53
2023,19,HOU,0.2478,0.3659,0.5366,9.3636,41
2023,19,KC,0.0509,0.36,0.5467,7.1951,75
2023,19,LA,0.2889,0.4545,0.6909,9.3056,55
2023,19,MIA,-0.2173,0.322,0.6949,7.4103,59
2023,19,PHI,-0.1671,0.2963,0.7037,7.8571,54
2023,19,PIT,-0.1445,0.4032,0.629,7.4211,62
2023,19,TB,0.1719,0.4783,0.5797,8.9167,69
2023,20,BAL,0.2202,0.4627,0.3731,7.5455,67
2023,20,BUF,0.1432,0.5769,0.5,6.2308,78
2023,20,DET,0.1911,0.5522,0.6716,5.9302,67
2023,20,GB,-0.0324,0.4355,0.5645,5.6176,62
2023,20,HOU,-0.2215,0.3043,0.7174,6.697,46
2023,20,KC,0.2449,0.5349,0.5349,7.1739,43
2023,20,SF,0.1687,0.4677,0.629,8.1842,62
2023,20,TB,0.0673,0.4754,0.7541,8,61
2023,21,BAL,-0.1773,0.4107,0.7321,9.2973,56
2023,21,DET,0.1287,0.5,0.5972,9.0732,72
2023,21,KC,0.0276,0.4286,0.5857,5.9744,70
2023,21,SF,0.2194,0.4688,0.5156,9.129,64
2023,22,KC,-0.0186,0.443,0.6203,6.087,79
2023,22,SF,-0.0036,0.4429,0.5714,8.1795,70
